{"cameraMode":{"drawMode":0,"name":"Shaded","section":"Shading Mode"},"sceneLighting":true,"audioPlay":false,"sceneViewState":{"showFog":true,"showMaterialUpdate":false,"showSkybox":true,"showFlares":true,"showImageEffects":true,"showParticleSystems":true},"in2DMode":false,"pivot":{"x":58.17699432373047,"y":-18.36597442626953,"z":5.990756988525391},"rotation":{"x":-0.098922498524189,"y":-0.6949897408485413,"z":0.09744934737682343,"w":-0.7054866552352905},"size":34.739845275878909,"orthographic":false}