{"cameraMode":{"drawMode":0,"name":"Shaded","section":"Shading Mode"},"sceneLighting":false,"audioPlay":false,"sceneViewState":{"showFog":true,"showMaterialUpdate":false,"showSkybox":false,"showFlares":true,"showImageEffects":true,"showParticleSystems":true},"in2DMode":false,"pivot":{"x":38.8438835144043,"y":-2.3113842010498049,"z":-30.92282485961914},"rotation":{"x":0.017735464498400689,"y":-0.9173509478569031,"z":0.04113426059484482,"w":0.3955579102039337},"size":1.0957467555999756,"orthographic":false}