{"cameraMode":{"drawMode":0,"name":"Shaded","section":"Shading Mode"},"sceneLighting":true,"audioPlay":false,"sceneViewState":{"showFog":true,"showMaterialUpdate":false,"showSkybox":true,"showFlares":true,"showImageEffects":true,"showParticleSystems":true},"in2DMode":false,"pivot":{"x":-5.992083549499512,"y":1.2728075981140137,"z":6.930811882019043},"rotation":{"x":0.0030923523008823396,"y":0.9967982769012451,"z":-0.06369148939847946,"w":0.0483686737716198},"size":0.2926049828529358,"orthographic":false}