{"cameraMode":{"drawMode":0,"name":"Shaded","section":"Shading Mode"},"sceneLighting":true,"audioPlay":false,"sceneViewState":{"showFog":true,"showMaterialUpdate":false,"showSkybox":true,"showFlares":true,"showImageEffects":true,"showParticleSystems":true},"in2DMode":false,"pivot":{"x":-4.1143364906311039,"y":7.562053203582764,"z":9.734977722167969},"rotation":{"x":0.001845414168201387,"y":0.9981703758239746,"z":-0.04275702312588692,"w":0.042933687567710879},"size":3.7933788299560549,"orthographic":false}