{"cameraMode":{"drawMode":0,"name":"Shaded","section":"Shading Mode"},"sceneLighting":true,"audioPlay":false,"sceneViewState":{"showFog":true,"showMaterialUpdate":false,"showSkybox":true,"showFlares":true,"showImageEffects":true,"showParticleSystems":true},"in2DMode":false,"pivot":{"x":-6.393430709838867,"y":7.074962139129639,"z":9.788945198059082},"rotation":{"x":0.054360657930374148,"y":0.10611563175916672,"z":0.005776192992925644,"w":-0.9928909540176392},"size":16.944509506225587,"orthographic":false}