{"cameraMode":{"drawMode":2,"name":"Shaded Wireframe","section":"Shading Mode"},"sceneLighting":false,"audioPlay":false,"sceneViewState":{"showFog":true,"showMaterialUpdate":true,"showSkybox":true,"showFlares":true,"showImageEffects":true,"showParticleSystems":true},"in2DMode":false,"pivot":{"x":37.81041717529297,"y":-3.1638364791870119,"z":-35.37635040283203},"rotation":{"x":-0.0022284372244030239,"y":0.9898620247840881,"z":-0.14132170379161836,"w":-0.015538475476205349},"size":3.1512129306793215,"orthographic":false}