{"cameraMode":{"drawMode":0,"name":"Shaded","section":"Shading Mode"},"sceneLighting":false,"audioPlay":false,"sceneViewState":{"showFog":true,"showMaterialUpdate":false,"showSkybox":false,"showFlares":true,"showImageEffects":true,"showParticleSystems":true},"in2DMode":false,"pivot":{"x":998.795166015625,"y":375.2779541015625,"z":1381.2451171875},"rotation":{"x":0.08740343898534775,"y":0.4046500325202942,"z":-0.03888992592692375,"w":0.9094837307929993},"size":2892.96044921875,"orthographic":false}