{"cameraMode":{"drawMode":0,"name":"Shaded","section":"Shading Mode"},"sceneLighting":false,"audioPlay":false,"sceneViewState":{"showFog":true,"showMaterialUpdate":false,"showSkybox":false,"showFlares":true,"showImageEffects":true,"showParticleSystems":true},"in2DMode":false,"pivot":{"x":38.024085998535159,"y":-3.1053531169891359,"z":-33.4713134765625},"rotation":{"x":-0.06193503737449646,"y":-0.8415811061859131,"z":0.5274065136909485,"w":-0.09882476925849915},"size":0.90739506483078,"orthographic":false}