{"cameraMode":{"drawMode":0,"name":"Shaded","section":"Shading Mode"},"sceneLighting":false,"audioPlay":false,"sceneViewState":{"showFog":false,"showMaterialUpdate":false,"showSkybox":false,"showFlares":false,"showImageEffects":false,"showParticleSystems":false},"in2DMode":false,"pivot":{"x":37.81041717529297,"y":-3.1325576305389406,"z":-35.404205322265628},"rotation":{"x":0.09670010954141617,"y":-0.7283701300621033,"z":0.10510328412055969,"w":0.6701468825340271},"size":3.104253053665161,"orthographic":false}