{"cameraMode":{"drawMode":0,"name":"Shaded","section":"Shading Mode"},"sceneLighting":false,"audioPlay":false,"sceneViewState":{"showFog":false,"showMaterialUpdate":false,"showSkybox":false,"showFlares":false,"showImageEffects":false,"showParticleSystems":false},"in2DMode":false,"pivot":{"x":-0.3685969114303589,"y":-0.0077478885650634769,"z":0.0},"rotation":{"x":0.06877029687166214,"y":-0.8843306303024292,"z":0.1380068063735962,"w":0.44066667556762698},"size":0.953062117099762,"orthographic":false}