{"cameraMode":{"drawMode":0,"name":"Shaded","section":"Shading Mode"},"sceneLighting":true,"audioPlay":false,"sceneViewState":{"showFog":false,"showMaterialUpdate":false,"showSkybox":true,"showFlares":false,"showImageEffects":false,"showParticleSystems":false},"in2DMode":false,"pivot":{"x":9.775578498840332,"y":2.381615161895752,"z":3.59597110748291},"rotation":{"x":0.09670010954141617,"y":-0.7283701300621033,"z":0.10510328412055969,"w":0.6701468825340271},"size":1.2530622482299805,"orthographic":false}